{
  "train_loss": [
    0.018133191680535673,
    0.0428944531804882,
    0.06166720845503733,
    0.0699392665841151,
    0.05408940595574677,
    0.02525057346210815,
    0.014413703262107447,
    0.009966066629858687,
    0.007626235922798514,
    0.007399077443405986,
    0.006772999608656392,
    0.00720644038869068,
    0.0068956950341816994,
    0.00691684233606793,
    0.007433493268908933,
    0.0068262096832040695,
    0.006715644916985184,
    0.00723609977401793,
    0.003313086478738114,
    0.004054258344694972,
    0.0043983178969938305,
    0.0038701920653693377,
    0.003841521766735241,
    0.0035168662504293023
  ],
  "val_loss": [
    0.03959335204369078,
    0.036366235736447074,
    0.032214384099158146,
    0.015350621289447494,
    0.00780164999863094,
    0.004551779463023801,
    0.002726221683891102,
    0.002043762809383528,
    0.0019685931353402943,
    0.001978675019927323,
    0.002075834618153749,
    0.0021611334013869055,
    0.002280764282962385,
    0.0023531762223380306,
    0.0025326803127730577,
    0.002594644349301234,
    0.0028648651374775604,
    0.011593392177019268,
    0.01777532739409556,
    0.01843808707781136,
    0.015470083725328246,
    0.0133851432086279,
    0.012091887067072093,
    0.010807683051098138
  ],
  "lr": [
    0.001,
    0.001,
    0.001,
    0.001,
    0.001,
    0.001,
    0.001,
    0.001,
    0.001,
    0.001,
    0.001,
    0.001,
    0.001,
    0.001,
    0.001,
    0.001,
    0.001,
    0.0005,
    0.0005,
    0.0005,
    0.0005,
    0.0005,
    0.0005,
    0.0005
  ]
}