{
  "train_loss": [
    0.026657158362213523,
    0.05596713428851217,
    0.08296311067882925,
    0.0632650756649673,
    0.045548893574159595,
    0.021859864541329443,
    0.012917199500952848,
    0.007904761164681987,
    0.0060426823399029675,
    0.004914189274422824,
    0.004268203538376838,
    0.0036312338733114303,
    0.0033854820387205107,
    0.0030977578257443384,
    0.0031849811575375498,
    0.004013525939080864,
    0.004010778713854961,
    0.004971781596541405,
    0.008260180816287176,
    0.00780169501202181,
    0.004850688381120563,
    0.0032558132684789597,
    0.0029166506044566633,
    0.0029510364000452684,
    0.002778291002032347
  ],
  "val_loss": [
    0.035949461705361806,
    0.039059819226774074,
    0.021754815204379458,
    0.012222984201798681,
    0.009299462399212644,
    0.006764507280119385,
    0.0031131145879044197,
    0.0017167554099917954,
    0.0009557113735354505,
    0.0006546210200516119,
    0.0007947125571566479,
    0.0011112012871308252,
    0.0018239832619049896,
    0.003478117869235575,
    0.007089328874523441,
    0.006751327697808544,
    0.011583922469678024,
    0.015299557514178256,
    0.011797728366218507,
    0.004000931803602725,
    0.0016200167641121273,
    0.0010267231312658016,
    0.0011967381942667998,
    0.0013077885766203206,
    0.0012698748517626275
  ],
  "lr": [
    0.001,
    0.001,
    0.001,
    0.001,
    0.001,
    0.001,
    0.001,
    0.001,
    0.001,
    0.001,
    0.001,
    0.001,
    0.001,
    0.001,
    0.001,
    0.001,
    0.001,
    0.001,
    0.0005,
    0.0005,
    0.0005,
    0.0005,
    0.0005,
    0.0005,
    0.0005
  ]
}