{
  "train_loss": [
    0.09151077357237228,
    0.028757584041450172,
    0.021578114253352397,
    0.022028038908028975,
    0.0413600806647446,
    0.04925501353340223,
    0.04602543716639047,
    0.06357525728060864,
    0.06967695634812117,
    0.12763288049260155,
    0.09387729072594084,
    0.09268091203877703,
    0.0893333654361777,
    0.081475268304348,
    0.053470912014599886,
    0.03227107125683688,
    0.0793349365890026,
    0.05124901965726167,
    0.016720630339113994,
    0.018628729161573574,
    0.00832781367120333,
    0.01534582510299515,
    0.006600847983499989,
    0.01968213794520125,
    0.010401366021251307,
    0.0176068029133603,
    0.00437663919874467,
    0.006012011732673272,
    0.01456707892124541,
    0.009809374999604189,
    0.004360557527106721,
    0.009564562182931695,
    0.005540875208098441,
    0.0031772782950429245,
    0.0033005970087833705,
    0.003215198925754521,
    0.003264675898826681,
    0.0032874519942561165
  ],
  "val_loss": [
    0.01824150824298461,
    0.02208945624261105,
    0.10081236561139424,
    0.12959428131580353,
    0.06539146353801091,
    0.03415216786864524,
    0.05617927752124766,
    0.0887161293067038,
    0.0826187616524597,
    0.01274612609995529,
    0.012402081289716685,
    0.011988642717672823,
    0.011558393084366495,
    0.011705793367582373,
    0.006214566140746077,
    0.1009941950129966,
    0.010601991867588367,
    0.005866955303645227,
    0.008703644011499515,
    0.0093966258718865,
    0.005400481784211782,
    0.008846553459685916,
    0.00265908295114059,
    0.004772102695521123,
    0.00272453808914482,
    0.044368399190716445,
    0.020847341133048758,
    0.019444658382174868,
    0.07744496501982212,
    0.025635810491318505,
    0.037546710188811026,
    0.08474223439892133,
    0.04068956337869167,
    0.04392717437197765,
    0.03802046940351526,
    0.030192952292660873,
    0.022252232107954722,
    0.019620238104835153
  ],
  "lr": [
    0.001,
    0.001,
    0.001,
    0.001,
    0.001,
    0.001,
    0.001,
    0.001,
    0.001,
    0.0005,
    0.0005,
    0.0005,
    0.0005,
    0.0005,
    0.0005,
    0.0005,
    0.0005,
    0.0005,
    0.0005,
    0.0005,
    0.0005,
    0.0005,
    0.0005,
    0.0005,
    0.0005,
    0.0005,
    0.0005,
    0.0005,
    0.0005,
    0.0005,
    0.0005,
    0.00025,
    0.00025,
    0.00025,
    0.00025,
    0.00025,
    0.00025,
    0.00025
  ]
}