{
  "train_loss": [
    0.03520836593816057,
    0.06601185940671712,
    0.030702651580795645,
    0.008814436588436366,
    0.009309016896877438,
    0.006535267581930384,
    0.00687607821659185,
    0.005666706050978973,
    0.0059780065703671425,
    0.004919212409877218,
    0.004849525915342383,
    0.005360185840982012,
    0.0039057578053325413,
    0.00597047018352896,
    0.006723266437766142,
    0.004460244483780116,
    0.00436944228829816,
    0.004273473604116589,
    0.004114877049578354
  ],
  "val_loss": [
    0.045537917176261544,
    0.007184268630226143,
    0.005150326886602367,
    0.002386827109148726,
    0.004430468873276065,
    0.002817841319483705,
    0.007882665241292367,
    0.008552552666515112,
    0.01187923535083731,
    0.01579593967956801,
    0.014672897445658842,
    0.01681539509445429,
    0.012265989634518823,
    0.007311412230289231,
    0.009983583081824085,
    0.01050144173981001,
    0.011523891395578781,
    0.010368990944698453,
    0.010190491836207608
  ],
  "lr": [
    0.001,
    0.001,
    0.001,
    0.001,
    0.001,
    0.001,
    0.001,
    0.001,
    0.001,
    0.001,
    0.001,
    0.001,
    0.0005,
    0.0005,
    0.0005,
    0.0005,
    0.0005,
    0.0005,
    0.0005
  ]
}