{
  "train_loss": [
    0.05856187160359696,
    0.057437050216831265,
    0.019390322857070715,
    0.008366289520636202,
    0.008931271961191669,
    0.005376198602607474,
    0.006305889147333801,
    0.00473001325968653,
    0.004444032078608871,
    0.0035419392853509634,
    0.0039641578460577875,
    0.004024758778978139,
    0.0035651793342549353,
    0.0044992677145637575,
    0.005216380696510896,
    0.004366133762523532,
    0.0040448485012166205,
    0.0032801326527260245,
    0.0032668284617830066
  ],
  "val_loss": [
    0.01659689559407222,
    0.0036014378007773,
    0.015179173710445562,
    0.0005946384747706664,
    0.008390756556764245,
    0.0030358052366257957,
    0.00881836706927667,
    0.005980461020953953,
    0.012063926396270594,
    0.011112435371614993,
    0.010322940535843372,
    0.013064665719866753,
    0.010171630807841817,
    0.005855851418649157,
    0.008438901587699851,
    0.007738292605305712,
    0.009609578604189059,
    0.009166422920922438,
    0.00962168579765906
  ],
  "lr": [
    0.001,
    0.001,
    0.001,
    0.001,
    0.001,
    0.001,
    0.001,
    0.001,
    0.001,
    0.001,
    0.001,
    0.001,
    0.0005,
    0.0005,
    0.0005,
    0.0005,
    0.0005,
    0.0005,
    0.0005
  ]
}