{
  "train_loss": [
    0.14906376267084853,
    0.024980838220799342,
    0.017344549142871982,
    0.012985545740230009,
    0.027431236934498882,
    0.058641890848521144,
    0.1443704439268913,
    0.04866717810276896,
    0.03738524745451286,
    0.0055720899044536054,
    0.009229840048938058,
    0.01564348812447861,
    0.024012397618498653,
    0.03227731670835055,
    0.014152908055693842,
    0.02316588646383025,
    0.015634567954111844,
    0.015679374228639062,
    0.011520516445743851,
    0.009790859178756363,
    0.013906717723002657,
    0.015274669073405675,
    0.01226086325419601
  ],
  "val_loss": [
    0.13057331678768,
    0.05968372182299694,
    0.03373166422049204,
    0.07527550387506683,
    0.11120629186431567,
    0.1791048844655355,
    0.034507758604983486,
    0.0021238189413755513,
    0.11752304496864478,
    0.1416692112882932,
    0.09098609536886215,
    0.007559438813283729,
    0.003814017118808503,
    0.10322390620907147,
    0.04156067781150341,
    0.009062944484564165,
    0.0026292459539642246,
    0.006093521379322435,
    0.01663142446583758,
    0.0100579720941217,
    0.005971945953206159,
    0.004187569139806631,
    0.016258569007428985
  ],
  "lr": [
    0.001,
    0.001,
    0.001,
    0.001,
    0.001,
    0.001,
    0.001,
    0.001,
    0.001,
    0.001,
    0.001,
    0.001,
    0.001,
    0.001,
    0.001,
    0.001,
    0.0005,
    0.0005,
    0.0005,
    0.0005,
    0.0005,
    0.0005,
    0.0005
  ]
}